Dataset,BestModel,F1,MCC,Accuracy,TrainTime
CM1,xgboost,0.19047619047619047,0.0989267900343976,0.83,0.03256845474243164
