Method,F1,MCC,Accuracy
FLAML,0.5434962717481359,0.18367274030659506,0.5966325036603221
Optuna,0.5526992287917738,0.224385909279116,0.6178623718887262
