{
    "dataset": "KC1",
    "best_model": "extra_tree",
    "f1": 0.45517241379310347,
    "mcc": 0.3452711524063965,
    "accuracy": 0.8127962085308057,
    "train_time": 0.4481391906738281
}