{
    "dataset": "PC1",
    "best_model": "extra_tree",
    "f1": 0.3870967741935484,
    "mcc": 0.3541147228437435,
    "accuracy": 0.9144144144144144,
    "train_time": 2.0889172554016113
}